Key;Item Type;Publication Year;Author;Title;Publication Title;DOI;Abstract Note;Date;approach_category;mde_level;target_platform;main_tool;code_generation;graphical_editor;open_source;application_domain
AMF7XUSY;journalArticle;2009;"Christian, Hahn; Cristián, Madrigal-Mora; Klaus, Fischer";A platform-independent metamodel for multiagent systems;Autonomous Agents and Multi-Agent Systems;10.1007/s10458-008-9042-0;Various agent-oriented methodologies and metamodels exist to design and develop multiagent systems (MAS) in an abstract manner. Frequently, these frameworks specialise on particular parts of the MAS and only few works have been invested to derive a common standardisation. This limits the impact of agent-related systems in commercial applications. In this paper, we present a metamodel for agent systems that abstracts from existing agent-oriented methodologies, programming languages, and platforms and could thus be considered as platform-independent. This metamodel defines the abstract syntax of a proposed domain-specific modelling language for MAS that is currently under development and provides furthermore the base to generate code out of the generated designs. This is done by applying the principles of model-driven development (MDD) and providing two model transformations that allow transforming the generated models into textual code that can be executed with JACK and JADE.;2009;DSL/Metamodel-centric approaches;PIM-centric;JACK, JADE;EMF (Eclipse Modeling Framework);Yes;No;No;NA
Q7QAX2K3;conferencePaper;2005;"Kasinger, B., H.; Bauer";Combining Multi-Agent-System Methodologies for Organic Computing Systems;16th International Workshop on Database and Expert Systems Applications (DEXA'05);10.1109/DEXA.2005.62;As the complexity of computing systems steadily increases, self-managing systems - as autonomic computing systems (ACS) proposed by IBM - are an adequate approach to minimize human effort spent on system administration. While ACS primarily are limited to servers and networks, organic computing systems (OCS) are intended for widespread applications in various domains. In addition to the self-x properties of ACS, OCS are adaptive and context-aware. Thus agent technology is particularly suitable for an implementation of OCS. Nevertheless a key prerequisite for a successful, industrial application remains in a systematical engineering of OCS according to accepted standards. However no single agent methodology is applicable to OCS as self-x properties are not supported directly. Therefore we have combined different proved agent concepts into a system architecture for OCS and developed an adequate, model-driven software engineering methodology based on the Unified Modeling Language (UML) and the model driven architecture (MDA);2005;UML/MDA-based approaches;Full MDA (PIM+PSM);NA;NA;Partial;No;NA;Energy / Smart Grids
YKI95458;conferencePaper;2014;"Aversa, Francesco, Rocco; Di MartiNO, BeniamiNO; Moscato";Critical Systems Verification in MetaMORP(h)OSY;International Conference on Computer Safety, Reliability, and Security;;Multi Agent Systems (MAS) methodologies are emerging as a new approach for modeling and developing complex distributed systems. When complex constraints have to be verified on critical systems Model Driven Engineering (MDE) methodologies allow for the design and implementation of systems correct by construction. Usually verification is enforced by formal analysis. This paper presents MetaMORP(h)OSY (Meta-modeling of Mas Object-based with Real-time specification in Project Of complex SYstems) methodology and framework. They provide a mean for building MAS models used to verify properties (and requirements) of Critical Systems following a MDE approach. In particular, this work describes model transformation algorithms used in MetaMORP(h)OSY to verify real-time and timed reachability requirements.;2014;DSL/Metamodel-centric approaches;PIM-centric;NA;MetaMORP(h)OSY;Yes;Yes;NA;Transport / Mobility
ETXR3A85;conferencePaper;2011;"Garro, Wilma, Alfredo; Parisi, Francesco; Russo";A Model-Driven Architecture Approach for Agent-Based Modeling and Simulation;Simultech 2011: Proceedings of the 1st International Conference on Simulation and Modeling Methodologies, Technologies and Applications;;It is widely agreed that a widespread adoption of the Agent-Based Modeling and Simulation (ABMS) approach by experts of typical ABMS domains demands for well-defined processes, modeling techniques and tools able to fully support them in modeling and simulating complex systems. To this end, the paper proposes a Model-Driven process which conforms to the OMG Model-Driven Architecture (MDA) and enables the definition of Platform-Independent simulation Models from which Platform-Dependent simulation Models and the related code can be automatically obtained with significantly reduced programming and implementation efforts.;2011;UML/MDA-based approaches;Full MDA (PIM+PSM);REPAST, ASCAPE, ESCAPE;AMF (Agent Modeling Framework);Yes;Yes;Yes;Transport / Mobility
SK5SDGAJ;conferencePaper;2016;Warnke, Tom;A Dsl for Continuous-Time Agent-Based Modeling and Simulation;2016 Winter Simulation Conference (wsc);;Most state-of-the-art agent-based modeling and simulation (ABMS) frameworks offer a way to describe agent behavior in a programming language. Whereas these frameworks support easy development of time-stepped models, continuous-time models can only be implemented by manually scheduling and retracting events as part of the agent behavior. To facilitate a separation of concerns into model- and simulation-specific code for continuous-time ABMS, we propose an embedded domain-specific language, which allows describing agent behavior concisely, and corresponding simulation algorithms, which allow executing continuous-time models. The language style and the algorithms are adapted from rule-based modeling languages for Continuous-Time Markov Chains and Stochastic Simulation Algorithm variants. We implemented prototypes of the modeling language and simulation algorithms based on Repast Simphony.;2016;DSL/Metamodel-centric approaches;PIM-centric;Repast Simphony, NetLogo;NA;No;No;NA;Industrie / Manufacturing
M8GCWP7W;journalArticle;2009;"Fuentes-Fernandez, Gonzalo, Ruben; Guijarro, Maria; Pajares";A Multi-Agent System Architecture for Sensor Networks;Sensors Journal;10.3390/s91210244;The design of the control systems for sensor networks presents important challenges. Besides the traditional problems about how to process the sensor data to obtain the target information, engineers need to consider additional aspects such as the heterogeneity and high number of sensors, and the flexibility of these networks regarding topologies and the sensors in them. Although there are partial approaches for resolving these issues, their integration relies on ad hoc solutions requiring important development efforts. In order to provide an effective approach for this integration, this paper proposes an architecture based on the multi-agent system paradigm with a clear separation of concerns. The architecture considers sensors as devices used by an upper layer of manager agents. These agents are able to communicate and negotiate services to achieve the required functionality. Activities are organized according to roles related with the different aspects to integrate, mainly sensor management, data processing, communication and adaptation to changes in the available devices and their capabilities. This organization largely isolates and decouples the data management from the changing network, while encouraging reuse of solutions. The use of the architecture is facilitated by a specific modelling language developed through metamodelling. A case study concerning a generic distributed system for fire fighting illustrates the approach and the comparison with related work.;2009;UML/MDA-based approaches;Full MDA (PIM+PSM);nesC, TinyOS;IDK;Yes;Yes;Yes;Energy / Smart Grids
WR8U35GR;journalArticle;2016;"Challenger, Bedir, Moharram; Kardas, Geylani; Tekinerdogan";A systematic approach to evaluating domain-specific modeling language environments for multi-agent systems;Software Quality Journal;10.1007/s11219-015-9291-5;Multi-agent systems (MASs) include multiple interacting agents within an environment to provide a solution for complex systems that cannot be easily solved with individual agents or monolithic systems. However, the development of MASs is not trivial due to the various agent properties such as autonomy, responsiveness, and proactiveness, and the need for realization of the many different agent interactions. To support the development of MASs various domain-specific modeling languages (DSMLs) have been introduced that provide a declarative approach for modeling and supporting the generation of agent-based systems. To be effective, the proposed DSMLs need to meet the various stakeholder concerns and the related quality criteria for the corresponding MASs. Unfortunately, very often the evaluation of the DSML is completely missing or has been carried out in idiosyncratic approach. If the DSMLs are not well defined, then implicitly this will have an impact on the quality of the MASs. In this paper, we present an evaluation framework and systematic approach for assessing existing or newly defined DSMLs for MASs. The evaluation is specific for MAS DSMLs and targets both the language and the corresponding tools. To illustrate the evaluation approach, we first present SEA_ML, which is a model-driven MAS DSML for supporting the modeling and generation of agent-based systems. The evaluation of SEA_ML is based on a multi-case study research approach and provides both qualitative evaluation and quantitative analysis. We report on the lessons learned considering the adoption of the evaluation approach as well as the SEA_ML for supporting the generation of agent-based systems.;2016;DSL/Metamodel-centric approaches;PIM-centric;JADEX, JACK, OWL-S;SEA_ML;Yes;Yes;No;NA
YTZ2VEHW;conferencePaper;2012;"Maalal, Brahim, Sara; Addou, Malika; Dachry, Wafaa; Aghezzaf";A generic agent-oriented model used fordesigning a collaborative information system;Proceedings of 2012 International Conference on Complex Systems (iccs12);;Faced with new environmental constraints, firms decide to collaborate in collective entities and adopt new patterns of behavior. So, this firms' collaboration becomes an unavoidable approach. This collaboration can be represented by many agents collaboration within a multi agent system. Indeed, agent technology is a software paradigm that permits to implement large and complex distributed applications [1]. In order to assist analyzing, conception and development or implementation phases of multi-agent systems, we've tried to present a practical application of a generic and scalable method of a MAS with a component-oriented architecture and agent-based approach that allows MDA to generate source code from a given model. We have designed a generic class diagram as a class meta-model of different agents of a MAS. Then we have applied it on a collaborative platform based on MAS supply chain which ensures cooperation and information logging and sharing between partners in real time. We have finally generated the model source code developed using an open source tool called AndroMDA. This agent-based and evolutive approach enhances the modularity and genericity developments and promotes their reusability in future developments.;2012;UML/MDA-based approaches;PIM-centric;NA;AndroMDA;Yes;Yes;Yes;Industrie / Manufacturing
HZPHPHHG;journalArticle;2022;"Reinhardt, Adelinde M., Oliver; Warnke, Tom; Uhrmacher";A Language for Agent-based Discrete-event Modeling and Simulation of Linked Lives;ACM Trans. Model. Comput. Simul.;10.1145/3486634;In agent-based modeling and simulation, discrete-time methods prevail. While there is a need to cover the agentsï¿½ dynamics in continuous time, commonly used agent-based modeling frameworks offer little support for discrete-event simulation. Here, we present a formal syntax and semantics of the language ML3 (Modeling Language for Linked Lives) for modeling and simulating multi-agent systems as discrete-event systems. The language focuses on applications in demography, such as migration processes, and considers this disciplineï¿½s specific requirements. These include the importance of life courses being linked and the age-dependency of activities and events. The developed abstract syntax of the language combines the metaphor of agents with guarded commands. Its semantics is defined in terms of Generalized Semi-Markov Processes. The concrete language has been realized as an external domain-specific language. We discuss implications for efficient simulation algorithms and elucidate benefits of formally defining domain-specific languages for modeling and simulation.;2022;DSL/Metamodel-centric approaches;PIM-centric;Rust;ML3 (modeling language for linked lives);Yes;No;Yes;NA
FSUVS56C;journalArticle;2013;"Inmaculada, Ayala; Mercedes, Amor; Lidia, Fuentes";A model driven engineering process of platform neutral agents for ambient intelligence devices;Autonomous Agents and Multi-Agent Systems;10.1007/s10458-013-9223-3;Ambient intelligence (AmI) systems are now considered a promising approach to assist people in their daily life. AmI proposes the development of context aware systems equipped with devices that can recognize your context and act accordingly. Agents provide an effective way to develop such systems since agents are reactive, proactive and exhibit an intelligent and autonomous behavior. As a solution to these issues we propose a Model driven engineering process, which supports the automatic generation of agent-based AmI systems.;2013;DSL/Metamodel-centric approaches;PIM-centric;MalacaTiny;EMF (Eclipse Modeling Framework);Yes;Yes;Yes;Transport / Mobility
RJNJTCSV;journalArticle;2009;Xiao, Liang;An adaptive security model using agent-oriented MDA;Information and Software Technology;10.1016/j.infsof.2008.05.005;Model-driven architecture (MDA) supports model-centred software development via successive model transformation. In MDA, the reusability of models is improved as well as the traceability of requirements. Agent-oriented model-driven architecture (AMDA) associates adaptive agents with a business-oriented interaction model and lets agents dynamically interpret their behaviour from the continuously maintained model via which the current business needs are deployed at runtime. The continuous re-interpretation rather than discrete re-transformation of models means immediate requirements deployment after re-configuration, no system down time being required to affect changes and results in a development process that is oriented to business experts rather than developers. Adopting the adaptive agent model, an AMDA paradigm, we put forward a securityï¿½aware model-driven mechanism by using an extension of the role-based access control (RBAC) model. For this purpose, the concept of agent role proposed in agent-oriented software engineering (AOSE) is integrated with the one proposed in RBAC. Agent duties are specified in an interaction model and describe the roles that agents can play to fulfil their functional responsibilities. Agent rights are specified in a security policy rule model attached to the interaction model and describe constraints upon agent capabilities caused by their associated social roles. The role-based interaction and policy-driven model incorporates both agent rights and duties. Hence, functional requirements and non-functional security constraint requirements are put together, related by the concept of role. Consequently, agents can continuously use the re-configurable model to play their roles in order to fulfil their responsibilities, and at the same time respect the security constraints. The major contribution from the approach is a method for building adaptive and secure MAS, following model-driven architecture. The approach is illustrated with an actual British railway management system.;2009;UML/MDA-based approaches;Full MDA (PIM+PSM);NA;EMF (Eclipse Modeling Framework);Partial;No;NA;Energy / Smart Grids
B7CMUYNU;journalArticle;2025;"Tezel, Geylani, Baris Tekin; Kardas";Debugging in the Domain-Specific Modeling Languages for multi-agent systems;Journal of Computer Languages;10.1016/j.cola.2025.101325;In many cases, developers face challenges while implementing Multi-Agent Systems (MAS) due to the complexity of expanding software systems, despite the presence of numerous agent programming environments and platforms. To tackle this complexity, Model-driven Engineering (MDE) can be employed at a higher level of abstraction and component modeling before diving into MAS development, which helps alleviate the intricacies. Probably, the most effective method of incorporating MDE into Multi-Agent Systems (MAS) is to adapt Domain-Specific Modeling Languages (DSMLs) along with integrated development environments (IDEs). These tools make it easier to model the system and generate the necessary code for the development process. Although existing MAS DSML IDEs offer some control over systems modeled based on the languageï¿½s syntax and semantics, they lack built-in debugging support. This deficiency leads to uncertainty among agent developers about the accuracy of models prepared during the design phase. To address this issue, this study proposes a comprehensive debugging framework (MASDebugFW) that facilitates the design of agent components within modeling environments. The frameworkï¿½s utilization commences with modeling MASs using a design language, and then converting these design model instances into a runtime model. Following that, the runtime model undergoes simulation using an integrated simulator specifically designed for debugging purposes. Additionally, the framework includes a simulation environment model and a control mechanism to manage the simulation process effectively. These features further enhance the debugging capabilities and overall functionality of MASDebugFW. Furthermore, we have qualitatively and quantitatively evaluated MASDebugFW, subjecting all obtained results to statistical analysis. The evaluation results show that, on average, the implemented framework reduces debugging time by around 45%, leading to more efficient debugging processes. Moreover, it significantly enhances bug detection and repair capabilities, as it increases the number of bugs fixed in the models by approximately 50%.;2025;DSL/Metamodel-centric approaches;PIM-centric;NA;EMF (Eclipse Modeling Framework);NA;NA;NA;NA
IJ3MGUIR;journalArticle;2013;García-Magariño, Iván;A collection of method fragments automated with model transformations in agent-oriented modeling;Engineering Applications of Artificial Intelligence;10.1016/j.engappai.2012.09.005;The Foundation for Intelligent Physical Agents (FIPA) Methodology Technical Committee recommends the method engineering approach for Multi-agent System (MAS) development. This approach consists in defining method fragments for agent-oriented software engineering, and then developers combine these fragments to define customized development processes. In this line of research, the contribution of this paper is a collection of novel method fragments that are assisted with model transformations, in order to allow engineers to better develop MASs in an automated way. Some of these fragments also include explicit advices for incorporating artificial intelligence in the development. In the experiments, two processes have been composed with these method fragments for two different agent-oriented methodologies (i.e. Ingenias and Adelfe). This paper shows how these processes are respectively used to develop two known MASs (i.e. Delphi MAS and Timetable MAS). Furthermore, the presented approach is evaluated with 24 developers that were randomly divided into two groups. Each developer designed a MAS satisfying the same common requirements. One group applied the current approach, while the other group did not. The results show that this approach reduces the 63.3% of the designing time in average forMASs.;2013;Hybrid/Tool-centric approaches;Full MDA (PIM+PSM);JADE;IDK;Yes;Yes;Yes;NA
E84ANWQ5;journalArticle;2009;"Beydoun, B., G.; Low, G.; Mouratidis, H.; Henderson-Sellers";A security-aware metamodel for multi-agent systems (MAS);Information and Software Technology;10.1016/j.infsof.2008.05.003;This paper adopts a model-based security (MBS) approach to identify security requirements during the early stages of multi-agent system development. Our adopted MBS approach is underpinned by a metamodel independent of any specific methodology. It allows for security considerations to be embedded within any situated agent methodology which then prescribes security considerations within its work products. Using a standard model-driven engineering (MDE) approach, these work products are initially constructed as high abstraction models and then transformed into more precise models until code-specific models can be produced. A multi-agent system case study is used to illustrate the applicability of the proposed security-aware metamodel.;2009;DSL/Metamodel-centric approaches;PIM-centric;NA;NA;Partial;No;No;Transport / Mobility
FE3WA2Q6;journalArticle;2016;"García-Magariño, Guillermo, Iván; Palacios-Navarro";A model-driven approach for constructing ambient assisted-living multi-agent systems customized for Parkinson patients;Journal of Systems and Software;10.1016/j.jss.2015.09.014;The Parkinson disease affects some people, especially in the last years of their lives. Ambient assisted living systems can support them, especially in the middle stages of the disease. However, these systems usually need to be customized for each Parkinson patient. In this context, the current work follows the model-driven engineering principles to achieve this customized development. It represents each patient with a model. This is transformed into an agent-based model, from which a skeleton of programming code is generated. A case study illustrates this approach. Moreover, 24 engineers expert in model-driven engineering, multi-agent systems and/or health experienced the current approach alongside the three most similar works, by implementing actual systems. Some of these systems were tested by Parkinson patients. The results showed that (1) the current approach reduced the development time, (2) the developed system satisfied a higher percentage of the requirements established for certain Parkinson patients, (3) the usability increased, (4) the performance of the systems improved taking response time into account, and (5) the developers considered that the underlying metamodel is more appropriate for the current goal.;2016;UML/MDA-based approaches;PSM-centric;NA;IDK;Yes;Yes;Yes;Industrie / Manufacturing
6HGSGTN5;conferencePaper;2017;"Inan, Ghassan, Dedi Iskandar; Beydoun";Disaster Knowledge Management Analysis Framework Utilizing Agent-Based Models: Design Science Research Approach;Procedia Computer Science;10.1016/j.procs.2017.12.137;"Disaster Management (DM) knowledge has long been acknowledged as playing a significant role in reducing the impact caused by disasters. It helps people at the decision-making level to produce contextual decisions, as they are produced from the interaction of the involved social entities and their experiences and those who are on the ground to appropriately react towards the disaster. While it is seen as critical the DM activities, its adoption is still challenging due to its complex structure and availability. This paper employs the Design Science Research (DSR) methodology in Information System (IS) research to develop and validate a knowledge transfer analysis framework to unify access to semi-structured DISPLANs (Disaster Management Plans) through a unified repository. In the development, Agent-Based Models (ABMs) are used to code the DISPLANs to enable their transfer into a repository. The Meta Object Facility (MOF) Metamodeling Framework is then used to create a repository that is ready for storing the content of ABMs. This developed framework is then validated using a real case study of the flood DISPLAN of the State Emergency Service (SES) the State of Victoria, Australia. At the end, this paper contributes to: (1) a validated knowledge transfer analysis framework supporting DM resilience endeavors; (2) demonstrate the DSR methodology as a frame for IS research.";2017;DSL/Metamodel-centric approaches;PIM-centric;NA;EMF (Eclipse Modeling Framework);No;Yes;NA;Disaster / Emergency Management
DCEB9WLM;journalArticle;2017;"Bergenti, AgostiNO, Federico; Iotti, EleoNOra; Monica, Stefania; Poggi";Agent-oriented model-driven development for JADE with the JADEL programming language;Computer Languages, Systems & Structures;10.1016/j.cl.2017.06.001;This paper describes, from motivations and main objectives to actual implementation, a novel agent-oriented programming language called JADEL. JADEL is designed to support the effective implementation of JADE agents and multi-agent systems in the scope of real-world model-driven development because it concretely helps developers by natively supporting agent-oriented abstractions, and because it is based on mature industrial-strength technologies. The four core abstractions that JADEL supports, namely agents, behaviours, communication ontologies, and interaction protocols, are presented by gradually introducing the specific syntaxes that the language provides for them. In the last part of the paper, a complete example of a simple JADEL multi-agent system is presented and discussed. Such an example is a well-known example from the official distribution of JADE and many programmers learned the basics of JADE from it. The choice of this example allows comparing JADEL source code with reference Java source code using JADE, and it clearly emphasizes the practical advantages of agent-oriented programming. Section 1 introduces and motivates the presented work. Section 2 surveys major AOP languages and, even if it cannot be considered exhaustive, it highlights the specific features of selected languages that have been relevant for the design of JADEL. Section 3 provides an overview of the features of JADE that are supported by JADEL. Section 4 presents the language in details by discussing main supported abstractions, and by specifying its formal syntax. Section 5 presents the most interesting parts of a complete example of the use of JADEL to develop a simple multi-agent system. Finally, Section 6 concludes the paper with a discussion of the current state of the presented work, and a preliminary assessment of the proposed language.;2017;DSL/Metamodel-centric approaches;PIM-centric;JADE;EMF (Eclipse Modeling Framework);Yes;No;No;NA
I6JKTY6Y;journalArticle;2013;"Garcia, Vicente, Emilia; Giret, Adriana; Botti";A Model-Driven CASE tool for developing and verifying regulated open MAS;Science of Computer Programming;10.1016/j.scico.2011.10.009;This paper describes a CASE tool for developing complex systems in which heterogeneous and autonomous agents may need to coexist in a complex social and legal framework. Model-Driven Technologies are used to integrate the design of systems of this kind with the verification of the models and with the generation of executable code from these models. The verification module is based on model-checking techniques to check the coherence of a modeled legal context at design time is presented and it is exemplified with a case study.;2013;UML/MDA-based approaches;PSM-centric;THOMAS ;EMF (Eclipse Modeling Framework);Yes;Yes;Yes;NA
8QVPWGYB;journalArticle;2016;"Challenger, Tomaž, Moharram; Mernik, Marjan; Kardas, Geylani; Kosar";Declarative specifications for the development of multi-agent systems;Computer Standards & Interfaces;10.1016/j.csi.2015.08.012;The designing and implementation of a multi-agent system (MAS), where autonomous agents collaborate with other agents for solving problems, constitute complex tasks that may become even harder when agents work in new interactive environments such as the Semantic Web. In order to deal with the complexities of designing and implementing a MAS, a domain-specific language (DSL) can be employed inside the MAS's development cycle. In such a manner, a MAS can be completely specified by programs written in a DSL. Such programs are declarative, expressive, and at the right abstraction level. In this way the complexity of MAS development is then partially shifted to DSL development and the task herein can be much more feasible by using a proper DSL development methodology and related tools. This paper presents and discusses our methodology for DSL development based on declarative formal specifications that are easy to compose, and its usage during MAS development. A practical case-study is also provided covering an example of a MAS's development for expert finding systems. By using denotational semantics for precisely defining the language, we show that it is possible to generate the language automatically. In addition, using attribute grammars makes it possible to have modular methodology within which evolutionary language development becomes easier.;2016;DSL/Metamodel-centric approaches;PIM-centric;JADEX, OWL-S;NA;Yes;No;No;NA
I5W7KG42;journalArticle;2016;"Wautelet, Manuel, Yves; Kolp";Business and model-driven development of BDI multi-agent systems;Neurocomputing;10.1016/j.neucom.2015.12.022;"Model-driven development allows IT professionals to specify the system functionality, organization and behavior in a logical or platform-independent manner. Modeling using services allows domain analysts to focus on the added-value and core business the enterprise offers to its stakeholders. Those services are coarse-grained elements able to encapsulate a composition of business process models. The framework presented in this paper provides models together at strategic, tactical and operational levels to develop an agent-oriented software system. The strategic level is concerned with long-term decisions; this top-level uses a service model to understand the businessï¿½ high-level (added) values as well as the Quality Expectations and the threats they face. The tactical level is concerned with a broader description of the business processes automated by the system; the i? strategic dependency and rationale models are used here to further document the service behavior. Actorsï¿½ accountability and responsibility can be determined in the visual representation of these strategic and tactical levels. Finally, i? models are mapped into a set of operational models to document the (multi-agent) system behavior when achieving modeled functionalities. These operational models instantiate the Belief/Desire/Intentions (BDI) paradigm proposing entities ï¿½ the agents ï¿½ mapping as closely as possible the real life organization. The paper thus builds a business-driven transformation process leading to a run-time agent-architecture in a single and common framework. It both uses existing models and introduces or refines existing ones to dispose of a method ensuring better alignment and traceability between the business and the IT system.";2016;DSL/Metamodel-centric approaches;PIM-centric;JACK, JADE, JADEX;NA;Partial;Yes;NA;Energy / Smart Grids
VUC5CYYM;journalArticle;2021;"Alaca, Geylani, Omer Faruk; Tezel, Baris Tekin; Challenger, Moharram; Goulão Miguel; Amaral, Vasco; Kardas";AgentDSM-Eval: A framework for the evaluation of domain-specific modeling languages for multi-agent systems;Computer Standards & Interfaces;10.1016/j.csi.2021.103513;Software development required for constructing multi-agent systems (MAS) usually becomes challenging and time-consuming due to the properties of autonomy, distributedness, and openness of these systems in addition to the complicated nature of internal agent behaviors and agent interactions. To facilitate MAS development, the researchers propose various domain-specific modeling languages (DSMLs) by enriching MAS metamodels with a defined syntax and semantics. Although the descriptions of these languages are given in the related studies with the examples of their use, unfortunately, many are not evaluated in terms of either the usability (being hard to learn, understand and use) or the quality of the generated artifacts. Hence, in this paper, we introduce an evaluation framework, called AgentDSM-Eval, with its supporting tool which can be used to evaluate MAS DSMLs systematically according to various quantitative and qualitative aspects of agent software development. The empirical evaluation, presented by the AgentDSM-Eval framework, was successfully applied for one of the well-known MAS DSMLs. The assessment showed that both MAS domain coverage of DSMLs and the agent developersï¿½ adoption of modeling elements can be determined with this framework. Moreover, the tool's quantitative results can assess MAS DSML's performance on the development time and throughput. AgentDSM-Eval also enables the qualitative assessment of MAS DSML features according to novel quality characteristics and measures, which it defines specifically for the MAS domain.;2021;DSL/Metamodel-centric approaches;PIM-centric;NA;AgentDSM-Eval;No;No;No;NA
RNS732EU;conferencePaper;2010;"Hahn, David, Christian; Jacobi, Sven; Raber";Enhancing the Interoperability between Multiagent Systems and Service-Oriented Architectures through a Model-Driven Approach;2010 IEEE/WIC/ACM International Conference on Web Intelligence and Intelligent Agent Technology;10.1109/WI-IAT.2010.217;Service-orientation has become the leading paradigm for modern IT system design and development as service-oriented system design has great potential for improving the efficiency and quality of the IT systems. This paper presents a model-driven approach for the generic integration of service-oriented architectures (SOA) and multi-agent systems (MAS). In fact, a model transformation from SoaML - a metamodel for SOA - to PIM4AGENTS - a platform independent metamodel for MAS - is utilized for integration. The relevance of this approach is proven by applying it to a real-world industry scenario.;2010;UML/MDA-based approaches;Full MDA (PIM+PSM);JACK, JADE;SHAPE (Semantically-enabled Heterogeneous Service Architecture and Platforms Engineering);Yes;Yes;No;Energy / Smart Grids
LLHA6TCA;conferencePaper;2012;"Moscato, Alba, Francesco; Aversa, Rocco; Amato";Describing Cloud Use Case in MetaMORP(h)OSY;2012 Sixth International Conference on Complex, Intelligent, and Software Intensive Systems;10.1109/CISIS.2012.143;The increasing complexity of services required by users in Cloud Environments usually needs the definition of composite, value added services (VAS). Usage patterns and Use Cases definitions help in defining VAS, but a way to assure that new services reach the required goals with proper qualitative and quantitative properties has to be provided in order to validate design and implementation of composite services. In this paper the MetaMORP(h)OSY methodology and framework are introduced. The methodology uses Model Driven Engineering and Model Transformation techniques to analyze composite services. Due to the complexity of the systems to analyze, MetaMORP(h)OSY exploits Multi Agent System (MAS) in system definition. The methodology is used in order to define a model for a Use Case of the mosaic project.;2012;UML/MDA-based approaches;PSM-centric;MASON ;MetaMORP(h)OSY;Yes;Yes;Yes;Health / AAL
R9HIMJEC;conferencePaper;2023;"Ramarozaka, Hasina Lalaina, Tokimahery; Muller, Jean-Pierre; Rakotonirainy";Extending Partial-Order Planning to Account for Norms in Agent Behavior;Advances in Social Simulation, Essa 2022;10.1007/978-3-031-34920-1_11;Following a couple of models aiming to assess the effectiveness of norms in Madagascar on the MIMOSA platform, Muller et al., have noticed that the current architecture was not expressive enough to deal with all relevant norms, their different aspects, and how they interfere with the agent's behavior for such complex systems. In response, this paper proposes a new agent architecture and its dedicated language to enhance the expressiveness of norms in agent-based modeling. The architecture has to (1) identify all the applicable norms given a temporal, spatial, and social context, and (2) generate an agent behavior to account for these norms. We propose to extend automated planning and use a Model-Driven Engineering approach to build the abstract and concrete syntaxes of the language and its semantics. The resulting architecture will allow modelers to express a wider spectrum of norms and provides a normative decision tool that will ease further discussions and interpretations.;2023;DSL/Metamodel-centric approaches;PIM-centric;NA;NA;NA;NA;NA;NA
RP9XY3Z7;conferencePaper;2009;"Mao, Ji, Xinjun; Zhao, Jianming; Wang";Engineering Adaptive Multi-Agent Systems with ODAM Methodology;Agent Computing and Multi-Agent Systems;;Agent orientation is believed as an appropriate and powerful paradigm to develop complex systems. In order to engineer complex self-adaptive multi-agent systems, we present dynamic binding mechanism and an agent-oriented methodology called ODAM that exploits the flexibility and high-level abstraction of agent orientation based on organization metaphors. The metamodel and modeling language of ODAM based on dynamic binding mechanism can effectively deal with the dynamic and self-adaptive aspects of MAS. Moreover, MDA approach and iteration development are integrated into ODAM to adapt to the variety of agent technologies and platforms, to deal with complexity of systems, and to simplify the development of MAS.;2009;UML/MDA-based approaches;Full MDA (PIM+PSM);NA;CASE Toolkits ;Partial;Yes;No;Energy / Smart Grids
24TKEUKA;conferencePaper;2018;"El Hachem, Philippe, Jamal; ChipriaNOv, Vanea; GraciaNO Neto, Valdemar Vicente; Aniorte";Extending a Multi-Agent Systems Simulation Architecture for Systems-of-Systems Security Analysis;2018 13th Annual Conference on System of Systems Engineering (SoSE);10.1109/SYSOSE.2018.8428776;Security is an important concern for software-intensive Systems-of-Systems (SoS). Architectural analysis for SoS secturity assessment should be performed at early stages of development. Such activity could prevent vulnerabilities and avoid potential cascading attack emergent behaviors, i.e., a succession of security vulnerabilities that emerge from individual constituents security fragilities, potentially causing interruption and collapse of SoS operation. Model simulation can prevent these issues by predicting, at design-time, how SoS will behave regarding its reaction to potential attacks. As security is a quality attribute, i.e., a property that comes up from the relation between software parts, software architecture analysis and simulation are an additional support for the prediction of SoS security. However, despite recent advances in such area, few simulation approaches have tackled simulation of secure SoS architectures where the basis of the described models are the SoS behavior or the interactions among the SoS Constituent Systems (CS). The main contribution of this paper is offering a big picture of how recent advances on SoS security analysis via simulations can form a robust framework for SoS security prediction. We argue the pertinence of Multi-Agent Systems (MAS) for SoS simulation due to similarities between MAS and SoS concepts, and we report how MAS simulation enables the visualization of emergent behaviors and how they impact the SoS security. Our results to foster SoS security analysis include (i) an extension of a MAS conceptual model and platform to include security concepts, (ii) a Model-Driven Engineering (MDE) approach that adopts automatic mappings between secure SoS architecture modeled using an existing SysML-based modeling language, namely the SoSSecML, and (iii) a MAS platform to support such analysis.;2018;DSL/Metamodel-centric approaches;PSM-centric;JADE;EMF (Eclipse Modeling Framework);Yes;No;No;Transport / Mobility
6IRY7B5B;conferencePaper;2024;"Karaduman, Moharram, Burak; Tezel, Baris Tekin; Kardas, Geylani; Challenger";DSML4JaCaMo: A Modelling tool for Multi-agent Programming with JaCaMo;2024 19th Conference on Computer Science and Intelligence Systems (FedCSIS);10.15439/2024F6157;This paper introduces a domain-specific modelling language (DSML) called DSML4JaCaMo to develop belief-desire-intention (BDI) agents. The DSMLï¿½s design covers aspects of Jason, Cartago, and Moise from viewpoints that follow the meta-modelling approach. In this way, the DSML4JaCaMo enables graphical modelling of JaCaMoï¿½s multi-agent systems (MASs), providing comprehensive support for defining agentsï¿½ beliefs, desires, and intentions (BDI) using Jason, specifying artifacts and their operations with Cartago, and outlining organizational structures and norms via Moise. The DSMLï¿½s operational semantics ensure seamless integration of these components, facilitating automatic code generation and artifact construction for creating a JaCaMo-based system. The graphical syntax contributes to ease of use, making it accessible for novice and experienced developers. This work aims to enhance the JaCaMo ecosystem by offering a model-driven approach to provide abstraction on MAS development as well as facilitating design and implementation.;2024;DSL/Metamodel-centric approaches;PIM-centric;JaCaMo;EMF (Eclipse Modeling Framework);Yes;Yes;NA;NA
GNSV7UTN;conferencePaper;2010;"Jacobi, David, Sven; Hahn, Christian; Raber";Integration of Multiagent Systems and Service Oriented Architectures in the Steel Industry;2010 IEEE/WIC/ACM International Conference on Web Intelligence and Intelligent Agent Technology;10.1109/WI-IAT.2010.218;In the course of globalization competitive pressure is rising in most industrial sectors. High quality products are basic prerequisites for companies of high wage countries to be present on the global market. Improved adherence to delivery date, increased flexibility despite to decreased production costs are some examples of the challenges to be managed just to keep current positions. In general, these requirements are mostly requirements on the processes - not on the actual products. Economic efficiency is not any longer just a property of products and quality, but more and more a property of processes. Thus, process capability is getting more important beside production capability. This paper shows how service-oriented architectures (SOA) and multi-agent systems (MAS) can be integrated using a model-driven approach. In fact, a model transformation from SoaML - a metamodel for SOA - to DSML4MAS - a domain-specific modeling language for MAS - is utilized for the integration. The relevance of this approach is proven by applying it to a real-world industry scenario. This includes modeling a segment of a production chain of Saarstahl AG - a global respected steel manufacturer. The presented approach helps to increase flexibility of mid and short term planning and scheduling along the chosen segment and thus improve processes.;2010;DSL/Metamodel-centric approaches;PIM-centric;JADE;NA;Yes;Yes;No;Industrie / Manufacturing
B2DIKGKZ;conferencePaper;2017;"Santos, Ana L.C., Fernando; Nunes, Ingrid; Bazzan";Model-Driven Engineering in Agent-based Modeling and Simulation: a Case Study in the Traffic Signal Control Domain;Proceedings of the 16th Conference on Autonomous Agents and MultiAgent Systems;;Model-driven engineering (MDE) is an approach for improving productivity in software development. This approach was exploited in the context of agent-based modeling and simulation (ABMS) only to a certain extent. Previous work has not shown real evidence of the benefits that MDE promotes in ABMS. This paper thus explores the use of MDE in ABMS with a case study in the traffic domain. We propose a domain analysis method to identify domain concepts and a modeling language that provides building blocks for them. Our evaluation gives evidence that our MDE approach reduces the effort to develop agent-based simulations.;2017;DSL/Metamodel-centric approaches;PIM-centric;NETLOGO;NA;Yes;Yes;Yes;Transport / Mobility
6YNZQN4D;conferencePaper;2009;"Coutinho, Olivier, LuciaNO R.; Brandao, Anarosa A. F.; Sichman, Jaime S.; Boissier";Model-Driven Integration of Organizational Models;Agent-Oriented Software Engineering Ix;;Currently, the design and running of a Multi-Agent System (MAS) mobilize several models. Besides agents' architectures, high level agent communication languages and domain ontologies, explicit organization specifications (written in some organizational model) are more and more used to structure and constrain the behavior of MASS. In the case of open MASS, one important requirement is interoperability w.r.t. these models. Focusing organizational model interoperability, in this paper, we propose an integration process for organizational models based on concepts (models, mappings, transformations, etc.) and techniques (Match, Merge. TransfGen, Compose, etc.) from Model-Driven Engineering (MDE). The process is concretely used to integrate five organizational models: AGR, MOISE+, TAEMS, ISLANDER and OperA.;2009;Hybrid/Tool-centric approaches;PIM-centric;NA;EMF (Eclipse Modeling Framework);Partial;No;No;Industrie / Manufacturing
8BZRWJQL;conferencePaper;2009;Garcia-MagariNO, Ivan;Towards the Coexistence of Different Multi-Agent System Modeling Languages with a Powertype-Based Metamodel;International Symposium on Distributed Computing and Artificial Intelligence 2008;;"The diversity of Multi-agent System(MAS) methodologies and modeling languages(MLs) is increasing more and more. Although most of the MAS concepts are shared among the MAS MLs, these MAS concepts use different notations and have semantic particularities for each MAS ML. This paper presents a meta-modelling Solution and tool support for the coexistence of the MAS ML diversity. This solution is based on a inter-ML metamodel, which provides a mechanism for the MAS specification interchange amongst different MAS modeling languages. This metamodel is based on the powertype pattern; in which, the clabjects represent subtypes and axe instantiated at the model. The MAS designer can change the clabjects properties to indicate the particularities of each concept, depending on the ML the MAS designer is used to.";2009;DSL/Metamodel-centric approaches;PIM-centric;NA;EMF (Eclipse Modeling Framework);No;Yes;Yes;Energy / Smart Grids
T2RG66H7;journalArticle;2020;"Fernandez-Isabel, Isaac, Alberto; Fuentes-Fernandez, Ruben; Martin de Diego";Modeling multi-agent systems to simulate sensor-based Smart Roads;Simulation Modelling Practice and Theory;10.1016/j.simpat.2019.101994;Smart Roads are systems that are changing road traffic through the use of information in real time. They use sensor and actuator networks deployed on people and the surrounding environment. Such networks are complex systems with distributed configurations. This issue causes difficulties in their development and configuration. To alleviate these problems, simulations become a key tool. They provide controlled environments to develop and test components. However, the use of simulations has downsides. Their development usually demands multi-disciplinary groups, where misunderstandings due to different backgrounds are frequent. Model-Driven Engineering (MDE) can help to alleviate this kind of problems. This paper introduces a framework for the development of simulations of Smart Roads following the Model-Driven Architecture (a specific MDE approach). It extends an existing MDE framework for simulations of road traffic with specific elements for Smart Roads (e.g., sensors and services). Two different Multi-Agent Systems (MASs) are respectively modeled to address these issues. The proposed framework also provides two specific support tools: a code generator to transform the models into source code, and an agent-based simulation platform for road traffic. A case study illustrates how to adapt the produced model specifications to the specific requirements of the road traffic platform. These specifications are included into a simulation based on tracking vehicles using sensors. Promising results have been obtained showing the viability of the proposal.;2020;UML/MDA-based approaches;Full MDA (PIM+PSM);JADE;IDK;Yes;Yes;NA;Transport / Mobility
4JNPK2BR;conferencePaper;2013;"Gherbi, Djamel, Tahar; Borne, Isabelle; Meslati";Towards an MDE Methodology to Develop Multi-Agents Systems including Mobile Agents;Enase: Proceedings of the 8th International Conference on Evaluation of Novel Approaches to Software Engineering;10.5220/0004420200450055;There is a need for agent oriented software engineering methodologies that support the conceptual modeling of mobile-agents systems. For this reason, we have presented in a previous work, our meta-model to design multi-agents systems including mobile agents and we have discussed it versus some formalisms extending UML for mobile-agents modeling. The proposed meta-model serves as a platform independent meta-model in our model-driven engineering approach under elaboration as a methodology for the development of multi-agents systems including mobile-agents. This paper summarizes the different approaches for mobile-agent modeling and situates our meta-model particularly versus three works supporting mobility by extending a multi-agents systems methodology (MaSE, GAIA, and AALAADIN). It aims to justify the choices that have guided our meta-model construction.;2013;DSL/Metamodel-centric approaches;Full MDA (PIM+PSM);JavAct;EMF (Eclipse Modeling Framework);Yes;Yes;Yes;Transport / Mobility
HUQKQ8CX;conferencePaper;2005;"Molesini, A., A.; Denti, E.; Omicini";MAS meta-models on test: UML vs. OPM in the SODA case study;Multi-Agent Systems and Applications Iv, Proceedings;;In the AOSE (Agent-Oriented Software Engineering) area, several research efforts are underway to develop appropriate meta-models for agent-oriented methodologies. Meta-models are meant to check and verify the completeness and expressiveness of methodologies. In this paper, we put to test the well-established standard Unified Modelling Language (UML), and the emergent Object Process Methodology (OPM), and compare their meta-modelling power. Both UML and OPM are used to express the meta-model of SODA, an agent-oriented methodology which stresses interaction and social aspects of MASs (multi-agent systems). Meta-modelling SODA allows us to evaluate the effectiveness of the two approaches over both the structural and dynamics parts. Furthermore, this allow us to find out some desirable features that any effective approach to meta-modelling MAS methodologies should exhibit.;2005;DSL/Metamodel-centric approaches;PIM-centric;NA;NA;No;No;NA;Energy / Smart Grids
FYKKLQJT;conferencePaper;2009;"Garcia-MagariNO, Jorge, Ivan; Rougemaille, Sylvain; Fuentes Fernandez, Ruben; Migeon, Frederic; Gleizes, Marie-Pierre; Gomez-Sanz";A Tool for Generating Model Transformations By-Example in Multi-Agent Systems;7th International Conference on Practical Applications of Agents and Multi-Agent Systems (paams 2009);;"Many Multi-Agent Systems (MAS) methodologies incorporate a model-driven approach. Model Driven Engineering is based on three main ideas: models are the ""first-class citizens"", meta-models define modelling languages that are used to specify models and models are transformed during the development. However, model transformation is still a challenging issue in MAS. At first, MAS designers are not necessarily familiar with existing model transformation languages or tools. Secondly, existing tools for creating model transformations do not satisfy the necessities of agent-oriented software engineering, since they focused on coding with little support for developers. This paper proposes a tool for the creation of model transformations that is based oil the generation of model transformations by-example. This tool overcomes the limitations of other similar tools in the sense that it can generate many-to-many transformation rules. The tool application is exemplified with two MAS methodologies, INGENIAS and ADELFE.";2009;UML/MDA-based approaches;PSM-centric;NA;MTGenerator;Partial;Yes;NA;NA
89GWNNZG;conferencePaper;2011;"Ayala, Lidia, Inmaculada; Amor, Mercedes; Fuentes";Towards the Automatic Derivation of Malaca Agents Using MDE;Agent-Oriented Software Engineering Xi;;The automatic transformation of software agent designs into implementations for different agent platforms is currently a key issue in the MAS development process. Recently several approaches have been proposed using model driven development concepts to specify generic agent metamodels and/or define a set of transformation rules from the design phase for different agent implementation platforms. However, all these approaches propose different sets of transformation rules for each target agent platform, thereby making the integration of new agent platforms more difficult. In this paper we propose transforming PIM4Agents, a generic agent metamodel used at the design phase, into Malaca, an agent specific platform-neutral metamodel for agents. With only one set of transformations it is possible to specify platform-neutral agents and to generate a partial implementation in Malaca, which can be executed on top of different FIPA compliant platforms.;2011;UML/MDA-based approaches;Full MDA (PIM+PSM);JACK, JADE;NA;Yes;Yes;No;Energy / Smart Grids
2WBDRH44;journalArticle;2013;"Elammari, Zeinab, Mohamed; Issa";Using Model Driven Architecture to Develop Multi-Agent Systems;International Arab Journal of Information Technology;;In recent years, Multi-Agent Systems (MAS) had started gaining widespread acceptance in the field of information technology. This prompted many researchers to attempt to find ways to facilitate their development process, which typically includes building different models. The transformation of system specifications into models and their subsequent translation into code is often performed by relying on unstandardized methods, hindering adaptation to rapid changes in technology. Furhtermore, there is a big gap between the analysis, the design and the implementation in the methodologies of multi-agent systems development. On the other hand, we have seen that the top-down Model Driven Architecture (MDA) approach can be used to provide an efficient way to write specifications, develop applications and separation of business functions and application from the technical platform to be used In this work, we propose using the MDA architecture for developing MAS. We demonstrate several different approaches, resulting in a variety of methods for developing MAS. This, in turn, increases the flexibility and ease of the development of MAS, and avoids any previously imposed restrictions.;2013;UML/MDA-based approaches;Full MDA (PIM+PSM);Jadex;Protégé;Yes;Yes;Yes;Energy / Smart Grids
R5J3KWWI;journalArticle;2021;"Gangoiti, Marga, Unai; Lopez, Alejandro; Armentia, Aintzane; Estevez, Elisabet; Marcos";Model-Driven Design and Development of Flexible Automated Production Control Configurations for Industry 4.0;Applied Sciences-Basel;10.3390/app11052319;The continuous changes of the market and customer demands have forced modern automation systems to provide stricter Quality of service (QoS) requirements. This work is centered in automation production system flexibility, understood as the ability to shift from one controller configuration to a different one, in the most quick and cost-effective way, without disrupting its normal operation. In the manufacturing field, this allows to deal with non-functional requirements such as assuring control system availability or workload balancing, even in the case of failure of a machine, components, network or controllers. Concretely, this work focuses on flexible applications at production level, using Programmable Logic Controllers (PLCs) as primary controllers. The reconfiguration of the control system is not always possible as it depends on the process state. Thus, an analysis of the system state is necessary to make a decision. In this sense, architectures based on industrial Multi Agent Systems (MAS) have been used to provide this support at runtime. Additionally, the introduction of these mechanisms makes the design and the implementation of the control system more complex. This work aims at supporting the design and development of such flexible automation production systems, through the proposed model-based framework. The framework consists of a set of tools that, based on models, automate the generation of control code extensions that add flexibility to the automation production system, according to industry 4.0 paradigm.;2021;UML/MDA-based approaches;PIM-centric;JADE;FAM (Flexible Automation Middleware);Yes;Yes;NA;NA
6X5H8T8U;bookSection;2013;"Garro, Wilma, Alfredo; Parisi, Francesco; Russo";A Process Based on the Model-Driven Architecture to Enable the Definition of Platform-Independent Simulation Models;Simulation and Modeling Methodologies, Technologies and Applications;10.1007/978-3-642-34336-0_8;Agent-Based Modeling and Simulation (ABMS) offers many advantages for dealing with and understanding a great variety of complex systems and phenomena in several application domains (e.g. financial, economic, social, logistics, chemical, engineering) allowing to overcome the limitations of the classical and analytical modelling techniques. However, the definition of agent-oriented models and the use of the existing agent-based simulation platforms often require advanced modelling and programming skills, thus hindering a wider adoption of the ABMS mainly in those domains that would benefit more from it. To promote and ease the exploitation of ABMS, especially among domain experts, the paper proposes the jointly exploitation of both Platform-Independent Metamodels and Model-Driven approaches by defining a Model-Driven process (MDA4ABMS) which conforms to the OMG Model-Driven Architecture (MDA) and enables the definition of Platform-Independent simulation Models from which Platform-Dependent simulation Models and the related code can be automatically obtained with significant reduction of programming and implementation efforts.;2013;UML/MDA-based approaches;Full MDA (PIM+PSM);Repast, Ascape, Escape;AMF (Agent Modeling Framework);Yes;Yes;Yes;Transport / Mobility
Z2RTDPPQ;conferencePaper;2007;"Jarraya, Zahia, Tarek; Guessoum";Towards a model driven process for multi-agent system;Multi-Agent Systems and Applications V, Proceedings;;We propose a new multi-agent development method, named MDAD (Model Driven Agent Development). It is based on the MDA (Model Driven Architecture) paradigm. The aim of MDAD method is to reduce the cost of building MAS applications by starting from abstract specification of system thanks to MAS meta-models, and producing the final system by means of transformations of this specification into computational entities. We present in this paper the application of MDAD to the INAF framework. First we give an overview of MDA approach and its application to MAS. Thus, several abstraction levels are determined and a set of meta-models is introduced. Then, we give the transformation rules used to produce INAF compliant models. MDAD method is illustrated with the timetable management benchmark.;2007;UML/MDA-based approaches;Full MDA (PIM+PSM);NA;MetaGen developmenttool;Yes;Yes;NA;Transport / Mobility
U5VG9YEA;journalArticle;2017;"Kardas, Moharram, Geylani; Bircan, Emine; Challenger";Supporting the platform extensibility for the model-driven development of agent systems by the interoperability between domain-specific modeling languages of multi-agent systems;Computer Science and Information Systems;10.2298/CSIS170113034K;The conventional approach currently followed in the development of domain-specific modeling languages (DSMLs) for multi-agent systems (MASs) requires the definition and implementation of new model-to-model and model-totext transformations from scratch in order to make the DSMLs functional for each different agent execution platforms. In this paper, we present an alternative approach which considers the construction of the interoperability between MAS DSMLs for a more efficient way of platform support extension. The feasibility of using this new interoperability approach instead of the conventional approach is exhibited by discussing and evaluating the model-driven engineering required for the application of both approaches. Use of the approaches is also exemplified with a case study which covers the model-driven development of an agent-based stock exchange system. In comparison to the conventional approach, evaluation results show that the interoperability approach requires both less development time and effort considering design and implementation of all required transformations.;2017;DSL/Metamodel-centric approaches;Full MDA (PIM+PSM);JACK, JADE, JADEX;EMF (Eclipse Modeling Framework);Yes;Yes;NA;Sécurité / SoS / CPS
SNJXAGQL;journalArticle;2017;"Freitas, Renata, Artur; Bordini, Rafael H.; Vieira";Model-driven engineering of multi-agent systems based on ontologies;Applied Ontology;10.3233/AO-170182;Model-driven engineering provides abstractions and notations to improve the understanding and to support modeling, coding, and verification of applications for specific domains. Ontologies, on the other hand, provide formal and explicit definitions of shared conceptualizations and enable the use of semantic reasoning. Although these areas have been developed by different communities, significant synergy can be achieved when both are combined. These advantages can be explored in the development of multi-agent systems, given their complexity and the need for integrating several components that are often addressed from different angles. This work investigates how to apply ontologies for agent-oriented software engineering. Initially, we present a new modeling approach where multi-agent systems are designed by instantiating our proposed ontology. An additional contribution is a tool that uses instantiated ontological designs to generate programming code for such systems. Several advantages can be obtained from the application of our ontology-based approach, in terms of specification, development, and verification of agent-oriented software, as indicated by the experiments we have carried out.;2017;UML/MDA-based approaches;PIM-centric;JaCaMo;EMF (Eclipse Modeling Framework);Yes;Yes;Yes;NA
RKE5D2JW;conferencePaper;2016;"Bircan, Geylani, Emine; Challenger, Moharram; Kardas";Interoperability of MAS DSMLs via horizontal model transformations;Proceedings of the 2016 Federated Conference on Computer Science and Information Systems (fedcsis);10.15439/2016F196;In this paper, we present our approach which aims at improving the mechanism of constructing language semantics over the interoperability of domain-specific modeling languages (DSMLs) developed for Multi-agent Systems (MAS) and hence providing a more efficient way of extension for the executability of modeled agent systems on various underlying agent platforms. Differentiating from the existing MAS DSML studies, our proposal is based on determining entity mappings and building horizontal model transformations between the metamodels of MAS DSMLs which are in the same abstraction level. The applicability of the approach is demonstrated in the paper by constructing horizontal transformations between two full-fledged agent DSMLs, called SEA_ML and DSML4MAS. Use of these transformations has enabled SEA_ML instance models now to be executable on new agent platforms and that feature has been provided with less effort comparing with the implementation of needed transformations between SEA_ML and those new agent platforms from scratch.;2016;DSL/Metamodel-centric approaches;Full MDA (PIM+PSM);JACK, JADE, JADEX;SEA_ML;Yes;Yes;NA;NA
CRU6W7JE;journalArticle;2005;"Kasinger, B., H.; Bauer";Towards a model-driven software engineering methodology for organic computing systems;Proceedings of the Iasted International Conference on Computational Intelligence;;The complexity of computing systems steadily increases and their future administration will soon exceed any human capabilities. A resort to this scenario are self-managing systems that administrate themselves according to high-level policies established by an administrator. Thus systems configure, optimize, protect and heal themselves autonomously making administrative interferences unnecessary. Organic Computing (OC) keeps this track by drawing analogies from biological systems such as ant colonies or dissipative structures, both resulting in emergent behavior. Due to its characteristics agent technology is particularly suitable for an implementation of Organic Computing Systems (OCS). However for a widespread industrial application acceptable software standards are required for both system architecture and software engineering. Therefore we propose a multi-agent system architecture and an appropriate development process as a first step towards a software engineering methodology for OCS. The process is based on the Model Driven Architecture (MDA) by the OMG and the UML 2 standard as well.;2005;UML/MDA-based approaches;PIM-centric;NA;NA;Partiel;No;NA;Transport / Mobility
67NBXTY8;journalArticle;2013;Kardas, Geylani;Model-driven development of multiagent systems: a survey and evaluation;Knowledge Engineering Review;10.1017/S0269888913000088;To work in a higher abstraction level is of critical importance for the development of multiagent systems (MAS) since it is almost impossible to observe code-level details of such systems due to their internal complexity, distributedness and openness. As one of the promising software development approaches, model-driven development (MDD) aims to change the focus of software development from code to models. This paradigm shift, introduced by the MDD, may also provide the desired abstraction level during the development of MASs. For this reason, MDD of autonomous agents and MASs has been recognized and become one of the research topics in agent-oriented software engineering (AOSE) area. Contributions are mainly based on the model-driven architecture (MDA), which is the most famous and in-use realization of MDD. Within this direction, AOSE researchers define MAS metamodels in various abstraction levels and apply model transformations between the instances of these metamodels in order to provide rapid and efficient implementation of the MASs in various platforms. Reorganization of the existing MAS development methodologies to support model-driven agent development is another emerging research track. In this paper, we give a state of the art survey on above mentioned model-driven MAS development research activities and evaluate the introduced approaches according to five quality criteria we define on model-driven MAS engineering: (1) definition of a platform independent MAS metamodel, (2) model-to-model transformability, (3) model-to-code transformability, (4) support for multiple MAS platforms and finally (5) tool support for software modeling and code generation. Our evaluation has shown that the researchers contributed to the area by providing MDD processes in which design of the MASs are realized at a very high abstraction level and the software for these MASs are developed as a result of the application of a series of model transformations. However, most of the approaches are incapable of supporting multiple MAS environments due to the restricted specifications of their metamodels and model transformations. Also efficiency and practicability of the proposed methodologies are under debate since the amount and quality of the executable MAS components, gained automatically, appear to be not sufficient.;2013;UML/MDA-based approaches;Full MDA (PIM+PSM);NA;NA;NA;NA;NA;Energy / Smart Grids
TQ3SDE6R;conferencePaper;2008;"Gorodetsky, Vladimir, Vladimir; Karsaev, Oleg; Konushy, Victor; Samoilov";Model-Driven Engineering of Multi Agent Systems;2008 IEEE/WIC/ACM International Conference on Web Intelligence and Intelligent Agent Technology;10.1109/WIIAT.2008.131;Currently elaboration of powerful methodologies and development environments is one of the most important research challenges in the area of agent-based systems. Support of a complete life cycle of applications development, reduction of human involvement in their design, implementation and deployment, refinement of languages for agent behavior modeling, reuse of existing software components are the main requirements to efficient and effective development environments. The paper presents one of such environments, multi-agent system development kit (MASDK), that provides for the above requirements.;2008;UML/MDA-based approaches;PIM-centric;NA;IDK;Yes;Yes;NA;Energy / Smart Grids
SXLZVAMB;conferencePaper;2017;"Santos, Ana L. C., Fernando; Nunes, Ingrid; Bazzan";Supporting the Development of Agent-Based Simulations: A DSL for Environment Modeling;2017 IEEE 41st Annual Computer Software and Applications Conference (COMPSAC);10.1109/COMPSAC.2017.224;Domain-specific languages are a means of speeding up and easing software system development. Agent-based simulations are simulation systems in which autonomous entities, namely agents, are developed in order to reproduce, analyze, or predict a phenomenon under study. Despite its potential, available alternatives for agent-based modeling and simulation benefit from recurrent domain-related concepts, such as domain concerns and standard strategies for creating and initializing entities, in a limited way. Such elements, when represented in models, can potentially ease the modeling and simulation. We propose a domain-specific modeling language that provides ready-to-use concepts for these recurrent agent-based simulation elements with a modularized notation.The language is targeted to the agent-based modeling and simulation domain and is currently focused on modeling the simulated environment. A user study provides evidence that our language decreases the time needed to understand agent-based simulations.;2017;DSL/Metamodel-centric approaches;PSM-centric;NA;NA;NA;Yes;NA;Transport / Mobility
W3D5QX2J;conferencePaper;2017;"Ben Romdhane, Saadia, Lamia; Sleiman, Hassan A.; Mraidha, Chokri; Dhouib";Multi-agent solutions for energy systems: A model driven approach;2017 22nd IEEE International Conference on Emerging Technologies and Factory Automation (ETFA);10.1109/ETFA.2017.8247715;The complexity and intelligence of energy systems has increased in the recent years, whereas using Multi-agents system (MAS) technology has been recommended by IEEE for developing software solutions for modeling, controlling, and simulating their behaviors. Available MAS solutions for energy systems are generally designed for resolving specific problems by proposing ad-hoc solutions, without considering interoperability and reusability. We propose a methodology, based on the Model-Driven Engineering (MDE) technique, for developing MAS solutions for energy systems. Our methodology uses the Common Information Model standard (CIM), recommended by IEEE, and the existing Platform Independent agent metamodel PIM4Agents. Our proposal allows modeling MAS solutions for power engineering applications, by means of a platform independent model that abstracts developers from existing agent-oriented methodologies and platforms. Applying model transformations, the generated models can be transformed and executed within several agent platforms such as JACK and JADE. The proposal has been partially validated by means of a well-known test case.;2017;UML/MDA-based approaches;Full MDA (PIM+PSM);JACK, JADE;NA;Yes;Yes;NA;Energy / Smart Grids
G73F3WQR;conferencePaper;2011;"Adolfo, Juan; Gómez-Sanz, Jorge; López Paredes";The SiCoSSyS approach to SoS engineering;2011 6th International Conference on System of Systems Engineering;10.1109/SYSOSE.2011.5966594;This paper presents a methodology and tools for SoS engineering. The approach is based on the experience acquired in several developments made in the context of the SiCoSSyS project. It considers that the nature of SoS requires (1) the participation of a diversity of people with different backgrounds and profiles, and (2) to cope with the heterogeneity of systems. These goals can be achieved by model-driven engineering methods and tools. In our work we have applied as well an agent-based modeling approach for the definition of domain-specific languages that constitute the main tool for specification, simulation and deployment of solutions.;2011;DSL/Metamodel-centric approaches;PIM-centric;NA;IDK;Yes;Yes;Yes;Transport / Mobility
45QQCVJU;journalArticle;2003;"Atkinson, Thomas, Colin; Kühne";Model-driven development: A metamodeling foundation;IEEE Software;10.1109/MS.2003.1231149;This article discusses the foundations of model-driven development, focusing on metamodeling and its role in software engineering, without specific reference to agent-based systems.;2003;DSL/Metamodel-centric approaches;PIM-centric;NA;NA;NA;NA;NA;NA
4Z2CP7L8;conferencePaper;2020;"çam, Levent, Sema; Görür, Bilge K.; Ledet, Joseph; O?uztüzün, Halit; Yilmaz";Transformation from SysML to RePast and Back;Procedia Computer Science;10.1016/j.procs.2020.03.146;Applying Model Driven Architecture (MDA) concepts and tools to Multi Agent Systems (MAS) is a topic of great interest in recent years. MDA intends to reduce computer code development effort via model transformations and makes complex systems available and more practical for research. In this work, we propose a model transformation process for a widely used agent-based modeling and simulation tool, RePast Simphony. We adopt SysML for the platform-independent specification of an agent. We provide platform-independent and platform-specific models for an agent model, a mapping between them and a meta-model specification for RePast Flowchart Diagrams. We show the process for a SysML to RePast round-trip model transformation. Our work covers transformations to/from SysML Activity Diagram from/to RePast Flowchart Diagram.;2020;UML/MDA-based approaches;Full MDA (PIM+PSM);SysML, REPAST Symphony;EMF (Eclipse Modeling Framework);NA;NA;NA;NA
52AYN3RA;journalArticle;2017;"Ashamalla, Graham, Amir; Beydoun, Ghassan; Low";Model driven approach for real-time requirement analysis of multi-agent systems;Computer Languages, Systems & Structures;10.1016/j.cl.2017.05.006;Software systems can fail when requirement constraints are overlooked or violated. With the increased complexity of software systems, software development has become more reliant on model driven development. The paper advocates a model driven approach to ensure real-time requirement constraints are taken into account prior to the design of a multi-agent system (MAS). The paper presents the synthesis of a real-time metamodel to support requirements analysis of a MAS. The metamodel describes a collection of modelling units and constraints that can be used to identify the real-time requirements of a multi-agent system during the analysis phase. The paper takes the view that the earlier you model real-time requirements in the software development life cycle, the more reliable and robust the resultant system will be. Furthermore, the more likely it is an appropriate balance between competing time requirements will be achieved. The paper also presents a validation of the metamodel in a Call Management MAS application. This provides a preliminary evidence of the coverage and validity of the metamodel presented.;2017;DSL/Metamodel-centric approaches;PIM-centric;NA;NA;No;No;NA;Transport / Mobility
HRXVIRMD;conferencePaper;2025;"Kübler, Peter, Jelle; Vortisch";Towards Formal Specification of Agent-based Transport Models;Procedia Computer Science;10.1016/j.procs.2025.03.067;Agent-Based Transport Models (ABTMs) are powerful tools for simulating complex transport systems, yet they often lack formal specifications, limiting their transparency, reproducibility, and automation. While behavioral (sub-) models such as discrete choice models have a formal foundation, their integration into broader simulation systems is usually informally documented or solely defined in source code, making it difficult to replicate findings, reuse components, or enforce best practices. To address this, this paper conducts a comprehensive analysis of various aspects observed within existing different ABTM frameworks, highlighting the variation of their purposes, resolution, agent types, and modeling methods. Building on this analysis, we propose a metamodel tailored for ABTM specification, defining common concepts in an abstract syntax for defining agent attributes, behaviors, and interactions. Our proposed metamodel emphasizes a method-agnostic design, enabling integration and reuse of already existing behavioral models. This paves the way for automatic model validation, code generation, and sensitivity analysis. Additionally, we outline a conceptual mapping to Discrete Event System Specification (DEVS) to formalize the dynamic semantics, along with a graphical syntax for intuitive model creation by transport engineers.;2025;DSL/Metamodel-centric approaches;PIM-centric;NA;EMF (Eclipse Modeling Framework);NA;NA;NA;Transport / Mobility
N94EJQ2P;journalArticle;2015;"Gonçalves, Marcos Antonio de, Enyo José Tavares; Cortés, Mariela I.; Campos, Gustavo Augusto Lima; Lopes, Yrleyjander S.; Freire, Emmanuel S. S.; Silva, Viviane Torres da; Oliveira, Kleinner Silva Farias de; Oliveira";MAS-ML 2.0: Supporting the modelling of multi-agent systems with different agent architectures;Journal of Systems and Software;10.1016/j.jss.2015.06.008;Multi-agent systems (MAS) involve a wide variety of agents that interact with each other to achieve their goals. Usually each agent has a particular internal architecture defining its main structure that gives support to the interaction among the entities of MAS. Many modelling languages have been proposed in recent years to represent the internal architectures of such agents, for instance the UML profiles. In particular, we highlight MAS-ML, an MAS modelling language that performs a conservative extension of UML while incorporating agent-related concepts to represent proactive agents. However, such languages fail to support the modelling of the heterogeneous architectures that can be used to develop the agents of an MAS. Even worse, little has been done to provide tools to help the systematic design of agents. This paper, therefore, aims to extend the MAS-ML metamodel and evolve its tool to support the modelling of not only proactive agents but also several other architectures described in the literature.;2015;DSL/Metamodel-centric approaches;PIM-centric;NA;MAS-ML 2.0;Yes;Yes;No;Industrie / Manufacturing
QN6QR8EC;conferencePaper;2014;"Kuster, Sahin, Christian; Küster, Tobias; Lützenberger, Marco; Albayrak";Model-driven Development and Validation of Multi-agent Systems in JIAC V with the Agent World Editor;Procedia Computer Science;10.1016/j.procs.2014.05.512;In this work we describe the Agent World Editor, a graphical editor that supports the development and validation of multi-agent systems in JIAC V. For the development of this editor, which complies with the OSGi technology, a model-driven approach was used. Concepts that support the developer to design multi-agent systems in JIAC V have been developed as well. Developers do not need to configure their systems by hand, but can model them in a graphical manner. Errors are detected at design time, and the adaptive user interface offers additional guidance in the development process.;2014;DSL/Metamodel-centric approaches;PIM-centric;Java;AWE (Agent World Editor);Yes;Yes;Yes;NA
B4YQQR7S;bookSection;2006;"Pavon, Juan; Gomez-Sanz, Jorge; Fuentes, Rubén";Model Driven Development of Multi-Agent Systems;Model Driven Architecture ï¿½ Foundations and Applications;;From a software engineering point of view, the agent paradigm has shown its potential for modelling in different domains. However, moving from agent models to implementation is not fully addressed by most agent-oriented methodologies in a systematic way. In most cases, they focus on the agent concept at the analysis level or look for visual or formal representations of elements present in an already implemented agent framework. Here we show that model driven development with agent-based models can facilitate the implementation of methods and tools for the development of multi-agent systems. This is illustrated with the INGENIAS methodology and its tools, the INGENIAS Development Kit (IDK), which are founded on the definition of the INGENIAS meta-models for multi-agent systems, and implement most of the facilities that a model driven development approach requires.;2006;Platform-specific mapping approaches;PSM-centric;JADE;IDK;Yes;Yes;Yes;NA
HPTRR7GR;bookSection;2008;"Rougemaille, Sylvain; Migeon, Frédéric; Maurel, Christine; Gleizes, Marie-Pierre";Model Driven Engineering for Designing Adaptive Multi-Agents Systems;Engineering Societies in the Agents World VIII;;A current challenge in MAS design is the provision of new, efficient, CASE (Computer Aided Software Engineering) tools by using, in particular, Model Driven Engineering (MDE) approach. The goal of MDE is to improve the development process and the quality of the software produced. In our work, we want to focus on two aspects of a MAS: functional which is application dependent and close to the decision process of agents and operational related to elementary skills of agents. For each point of view, we have defined specific meta-models. Our goal in this paper is to address the mapping from the functional meta-model to the operational one in order to provide a model of a specific platform. Furthermore, systems we are interested in must be adaptive and we take into account the adaptation at both agent and system levels by respectively using JavAct flexible architecture and AMAS (Adaptive Multi-Agent Systems) principles.;2008;DSL/Metamodel-centric approaches;Full MDA (PIM+PSM);JavAct;EMF (Eclipse Modeling Framework);Partial;Yes;NA;NA
KZCJT384;journalArticle;2012;"Gascueña, José M.; Navarro, Elena; Fernández-Caballero, Antonio";Model-driven engineering techniques for the development of multi-agent systems;Engineering Applications of Artificial Intelligence;;Model-driven engineering (MDE), implicitly based upon meta-model principles, is gaining more and more attention in software systems due to its inherent benefits. Its use normally improves the quality of the developed systems in terms of productivity, portability, inter-operability and maintenance. Therefore, its exploitation for the development of multi-agent systems (MAS) emerges in a natural way. In this paper, agent-oriented software development (AOSD) and MDE paradigms are fully integrated for the development of MAS. Meta-modeling techniques are explicitly used to speed up several phases of the process. The Prometheus methodology is used for the purpose of validating the proposal. The metaobject facility (MOF) architecture is used as a guideline for developing a MAS editor according to the language provided by Prometheus methodology. Firstly, an Ecore meta-model for Prometheus language is developed. Ecore is a powerful tool for designing model-driven architectures (MDA). Next, facilities provided by the Graphical Modeling Framework (GMF) are used to generate the graphical editor. It offers support to develop agent models conform to the meta-model specified. Afterwards, it is also described how an agent code generator can be developed. In this way, code is automatically generated using as input the model specified with the graphical editor. A case of study validates the method put in practice for the development of a multi-agent surveillance system.;2012;DSL/Metamodel-centric approaches;PIM-centric;JACK;EMF (Eclipse Modeling Framework);Yes;Yes;Yes;Energy / Smart Grids
Q7DD36XY;conferencePaper;2005;"Amor, Mercedes; Fuentes, Lidia; Vallecillo, Antonio";Bridging the Gap Between Agent-Oriented Design and Implementation Using MDA;Agent-Oriented Software Engineering V;10.1007/978-3-540-30578-1_7;Current agent-oriented methodologies focus mainly on multi-agent systems analysis and design, but without providing straightforward connections to the implementation of such systems on any of the existing agent platforms (e.g. FIPA-OS, Jade, or Zeus), or just forcing the use of specific agent platforms. In this paper we show how the Model Driven Architecture (MDA) can be effectively used to derive agent implementations from agent-oriented designs, independently from both the methodology used and the concrete agent platform selected. Furthermore, this transformation process can be defined in an scalable way, and partly automated thanks to the use of a platform-neutral agent model, called Malaca.;2005;UML/MDA-based approaches;Full MDA (PIM+PSM);JADE, Zeus, FIPA-OS;Malaca;Yes;Yes;NA;NA
H6ZYQTGP;conferencePaper;2020;"Melouk, Mostapha; Rhazali, Yassine; Youssef, Hadi";An Approach for Transforming CIM to PIM up To PSM in MDA;Procedia Computer Science;;"possible in MDA: CIM (computing independent model) to PIM (platform independent model) and PIM to PSM (platform specific model). Most researchers deal with the transformation from PIM to PSM, since several elements are shared between these two levels. However, CIM to PIM transformation is rarely highlighted in research topics since they are two radically different levels. However an approach that ensures a transformation from CIM to PIM up to PSM almost extinct. Indeed, this paper represents a methodology to master model transformation from CIM to PIM up to PSM into MDA. This methodology is instituted on creating a rich CIM, through well-chosen rules, to facilitate transformation to the PIM. However, we establish a good PIM, taking into consideration the three classic modeling views: functional, dynamic and static to expedite transformation to PSM. Our methodology conforms to MDA by respecting the business dimension in CIM, by using BPMN (Business Process Model and Notation) which is the OMG (Object Management Group) standard for modeling business process. Thereby, we used UML (Unified Modeling Language) models in PIM level, because UML is recommended by MDA in this level. Indeed, we use IFML (Interaction Flow Modeling Language) that is OMG standard for representing web interface model in PSM.  © 2020 The Authors. Published by Elsevier B.V. This is an open access article under the CC BY-NC-ND license (http://creativecommons.org/licenses/by-nc-nd/4.0/) Peer-review under responsibility of the Conference Program Chairs.  Keywords: Model transformation; MDA; CIM; PIM; PSM; Business model; BPMN; IFML  * Corresponding author. Tel.: +212661214978. E-mail address: meloukmostapha@gmail.com  Available online at www.sciencedirect.com  ScienceDirect  Procedia Computer Science 00 (2020) 000–000  www.elsevier.com/locate/procedia  1877-0509 © 2020 The Authors. Published by Elsevier B.V. This is an open access article under the CC BY-NC-ND license (http://creativecommons.org/licenses/by-nc-nd/4.0/) Peer-review under responsibility of the Conference Program Chairs.  International Workshop on the Advancements in Model Driven Engineering (AMDE 2020) April 6-9, 2020, Warsaw, Poland  An Approach for Transforming CIM to PIM up To PSM in MDA  Mostapha Melouka*, Yassine Rhazalib, Hadi Youssefa  aMISC Laboratory, EST Kenitra, Ibn Tofail University, Kenitra, Morocco b ISIC Research Team of ESTM, LMMI Laboratory of ENSAM, Moulay Ismail University of Meknes,Meknes, Morocco  Abstract  Models transformation is the most important principle in MDA (model driven architecture).Indeed, two transformation kinds are possible in MDA: CIM (computing independent model) to PIM (platform independent model) and PIM to PSM (platform specific model). Most researchers deal with the transformation from PIM to PSM, since several elements are shared between these two levels. However, CIM to PIM transformation is rarely highlighted in research topics since they are two radically different levels. However an approach that ensures a transformation from CIM to PIM up to PSM almost extinct. Indeed, this paper represents a methodology to master model transformation from CIM to PIM up to PSM into MDA. This methodology is instituted on creating a rich CIM, through well-chosen rules, to facilitate transformation to the PIM. However, we establish a good PIM, taking into consideration the three classic modeling views: functional, dynamic and static to expedite transformation to PSM. Our methodology conforms to MDA by respecting the business dimension in CIM, by using BPMN (Business Process Model and Notation) which is the OMG (Object Management Group) standard for modeling business process. Thereby, we used UML (Unified Modeling Language) models in PIM level, because UML is recommended by MDA in this level. Indeed, we use IFML (Interaction Flow Modeling Language) that is OMG standard for representing web interface model in PSM.";2009;UML/MDA-based approaches;Full MDA (PIM+PSM);NA;EMF (Eclipse Modeling Framework);Yes;Yes;Yes;NA
