main_tool,references,study_count,target_platform,code_generation,graphical_editor,open_source,min_year,max_year,n_studies,latex_refs
AMF (Agent Modeling Framework),"6X5H8T8U,ETXR3A85",2,"Ascape, ASCAPE, Escape, ESCAPE, Repast, REPAST",Yes,Yes,Yes,2011,2013,2,"\cite{6X5H8T8U,ETXR3A85}"
AWE (Agent World Editor),QN6QR8EC,1,Java,Yes,Yes,Yes,2014,2014,1,\cite{QN6QR8EC}
AgentDSM-Eval,VUC5CYYM,1,Not specified,No,No,No,2021,2021,1,\cite{VUC5CYYM}
AndroMDA,YTZ2VEHW,1,Not specified,Yes,Yes,Yes,2012,2012,1,\cite{YTZ2VEHW}
CASE Toolkits,RP9XY3Z7,1,Not specified,Partial,Yes,No,2009,2009,1,\cite{RP9XY3Z7}
EMF (Eclipse Modeling Framework),"24TKEUKA,4JNPK2BR,4Z2CP7L8,6HGSGTN5,6IRY7B5B,6YNZQN4D,8BZRWJQL,AMF7XUSY,B7CMUYNU,DCEB9WLM,FSUVS56C,H6ZYQTGP,HPTRR7GR,HRXVIRMD,I6JKTY6Y,KZCJT384,RJNJTCSV,SNJXAGQL,U5VG9YEA",19,"JaCaMo, JACK, JADE, JADEX, JavAct, MalacaTiny, REPAST Symphony, SysML, THOMAS",Yes,Yes,Yes,2008,2025,19,"\cite{24TKEUKA,4JNPK2BR,4Z2CP7L8,6HGSGTN5,6IRY7B5B,6YNZQN4D,8BZRWJQL,AMF7XUSY,B7CMUYNU,DCEB9WLM,FSUVS56C,H6ZYQTGP,HPTRR7GR,HRXVIRMD,I6JKTY6Y,KZCJT384,RJNJTCSV,SNJXAGQL,U5VG9YEA}"
FAM (Flexible Automation Middleware),R5J3KWWI,1,JADE,Yes,Yes,NA,2021,2021,1,\cite{R5J3KWWI}
IDK,"B4YQQR7S,FE3WA2Q6,G73F3WQR,IJ3MGUIR,M8GCWP7W,T2RG66H7,TQ3SDE6R",7,"JADE, nesC, TinyOS",Yes,Yes,Yes,2006,2020,7,"\cite{B4YQQR7S,FE3WA2Q6,G73F3WQR,IJ3MGUIR,M8GCWP7W,T2RG66H7,TQ3SDE6R}"
MAS-ML 2.0,N94EJQ2P,1,Not specified,Yes,Yes,No,2015,2015,1,\cite{N94EJQ2P}
ML3 (modeling language for linked lives),HZPHPHHG,1,Rust,Yes,No,Yes,2022,2022,1,\cite{HZPHPHHG}
MTGenerator,FYKKLQJT,1,Not specified,Partial,Yes,NA,2009,2009,1,\cite{FYKKLQJT}
Malaca,Q7DD36XY,1,"FIPA-OS, JADE, Zeus",Yes,Yes,NA,2005,2005,1,\cite{Q7DD36XY}
MetaGen developmenttool,Z2RTDPPQ,1,Not specified,Yes,Yes,NA,2007,2007,1,\cite{Z2RTDPPQ}
MetaMORP(h)OSY,"LLHA6TCA,YKI95458",2,MASON,Yes,Yes,Yes,2012,2014,2,"\cite{LLHA6TCA,YKI95458}"
Protégé,2WBDRH44,1,Jadex,Yes,Yes,Yes,2013,2013,1,\cite{2WBDRH44}
SEA_ML,"RKE5D2JW,WR8U35GR",2,"JACK, JADE, JADEX, OWL-S",Yes,Yes,NA,2016,2016,2,"\cite{RKE5D2JW,WR8U35GR}"
SHAPE (Semantically-enabled Heterogeneous Service Architecture and Platforms Engineering),RNS732EU,1,"JACK, JADE",Yes,Yes,No,2010,2010,1,\cite{RNS732EU}
